[
  {
    "id": "default-sold-batch-01",
    "farmerId": "farmer-1",
    "cropType": "Wheat",
    "variety": "HD-3226",
    "quantity": 5000,
    "originalQuantity": 5000,
    "plantingDate": "2023-11-15",
    "expectedHarvestDate": "2024-04-10",
    "harvestDate": "2024-04-10",
    "farmLocation": "Punjab, India",
    "status": "sold",
    "soldTo": "dealer-1",
    "priceInRupees": 23,
    "transactionId": "tx-default-01"
  },
  {
    "id": "batch-f1-wheat-root-1",
    "farmerId": "farmer-1",
    "cropType": "Wheat",
    "variety": "HD-3226",
    "quantity": 10000,
    "originalQuantity": 10000,
    "plantingDate": "2023-11-15",
    "expectedHarvestDate": "2024-04-10",
    "harvestDate": "2024-04-10",
    "farmLocation": "Punjab, India",
    "status": "sold",
    "seedName": "Shriram Super 303",
    "qualityScore": 95,
    "mfgDate": "2023-10-20",
    "landArea": 18
  },
  {
    "id": "batch-f1-wheat-d1-1",
    "parentBatchId": "batch-f1-wheat-root-1",
    "farmerId": "farmer-1",
    "cropType": "Wheat",
    "variety": "HD-3226",
    "quantity": 2000,
    "originalQuantity": 10000,
    "plantingDate": "2023-11-15",
    "expectedHarvestDate": "2024-04-10",
    "harvestDate": "2024-04-10",
    "farmLocation": "Punjab, India",
    "status": "registered",
    "priceInRupees": 24,
    "soldTo": "dealer-1",
    "transactionId": "tx-d1-f1-wheat-1",
    "seedName": "Shriram Super 303",
    "qualityScore": 95
  },
  {
    "id": "batch-f1-wheat-d1-2",
    "parentBatchId": "batch-f1-wheat-root-1",
    "farmerId": "farmer-1",
    "cropType": "Wheat",
    "variety": "HD-3226",
    "quantity": 3000,
    "originalQuantity": 10000,
    "plantingDate": "2023-11-15",
    "expectedHarvestDate": "2024-04-10",
    "harvestDate": "2024-04-10",
    "farmLocation": "Punjab, India",
    "status": "registered",
    "priceInRupees": 24,
    "soldTo": "dealer-1",
    "transactionId": "tx-d1-f1-wheat-2",
    "seedName": "Shriram Super 303",
    "qualityScore": 95
  },
  {
    "id": "batch-f2-corn-root-1",
    "farmerId": "farmer-2",
    "cropType": "Corn",
    "variety": "Pioneer P3396",
    "quantity": 15000,
    "originalQuantity": 15000,
    "plantingDate": "2024-05-20",
    "expectedHarvestDate": "2024-08-15",
    "harvestDate": "2024-08-15",
    "farmLocation": "Haryana, India",
    "status": "sold",
    "seedName": "Pioneer Hybrid",
    "qualityScore": 91,
    "mfgDate": "2024-04-10",
    "landArea": 25
  },
  {
    "id": "batch-f2-corn-d1-1",
    "parentBatchId": "batch-f2-corn-root-1",
    "farmerId": "farmer-2",
    "cropType": "Corn",
    "variety": "Pioneer P3396",
    "quantity": 5000,
    "originalQuantity": 15000,
    "plantingDate": "2024-05-20",
    "expectedHarvestDate": "2024-08-15",
    "harvestDate": "2024-08-15",
    "farmLocation": "Haryana, India",
    "status": "registered",
    "priceInRupees": 22,
    "soldTo": "dealer-1",
    "transactionId": "tx-d1-f2-corn-1",
    "seedName": "Pioneer Hybrid",
    "qualityScore": 91
  },
  {
    "id": "batch-f3-rice-root-1",
    "farmerId": "farmer-3",
    "cropType": "Basmati Rice",
    "variety": "Pusa 1121",
    "quantity": 20000,
    "originalQuantity": 20000,
    "plantingDate": "2024-06-10",
    "expectedHarvestDate": "2024-09-25",
    "harvestDate": "2024-09-25",
    "farmLocation": "Uttar Pradesh, India",
    "status": "sold",
    "seedName": "Pusa Basmati",
    "qualityScore": 98,
    "mfgDate": "2024-05-01",
    "landArea": 20
  },
  {
    "id": "batch-f3-rice-d1-1",
    "parentBatchId": "batch-f3-rice-root-1",
    "farmerId": "farmer-3",
    "cropType": "Basmati Rice",
    "variety": "Pusa 1121",
    "quantity": 1000,
    "originalQuantity": 20000,
    "plantingDate": "2024-06-10",
    "expectedHarvestDate": "2024-09-25",
    "harvestDate": "2024-09-25",
    "farmLocation": "Uttar Pradesh, India",
    "status": "registered",
    "priceInRupees": 88,
    "soldTo": "dealer-1",
    "transactionId": "tx-d1-f3-rice-1",
    "seedName": "Pusa Basmati",
    "qualityScore": 98
  },
  {
    "id": "batch-f4-mustard-root-1",
    "farmerId": "farmer-4",
    "cropType": "Mustard",
    "variety": "NRCHB-101",
    "quantity": 12000,
    "originalQuantity": 12000,
    "plantingDate": "2023-10-25",
    "expectedHarvestDate": "2024-03-10",
    "harvestDate": "2024-03-10",
    "farmLocation": "Rajasthan, India",
    "status": "sold",
    "seedName": "NRCHB Gold",
    "qualityScore": 92,
    "mfgDate": "2023-09-15",
    "landArea": 15
  },
  {
    "id": "batch-f4-mustard-d1-1",
    "parentBatchId": "batch-f4-mustard-root-1",
    "farmerId": "farmer-4",
    "cropType": "Mustard",
    "variety": "NRCHB-101",
    "quantity": 4000,
    "originalQuantity": 12000,
    "plantingDate": "2023-10-25",
    "expectedHarvestDate": "2024-03-10",
    "harvestDate": "2024-03-10",
    "farmLocation": "Rajasthan, India",
    "status": "registered",
    "priceInRupees": 58,
    "soldTo": "dealer-1",
    "transactionId": "tx-d1-f4-mustard-1",
    "seedName": "NRCHB Gold",
    "qualityScore": 92
  },
  {
    "id": "batch-f1-cotton-root-1",
    "farmerId": "farmer-1",
    "cropType": "Cotton",
    "variety": "Bollgard II",
    "quantity": 5000,
    "originalQuantity": 5000,
    "plantingDate": "2024-05-01",
    "expectedHarvestDate": "2024-10-15",
    "harvestDate": "2024-10-15",
    "farmLocation": "Punjab, India",
    "status": "sold",
    "seedName": "Monsanto",
    "qualityScore": 93,
    "mfgDate": "2024-03-15",
    "landArea": 12
  },
  {
    "id": "batch-f1-cotton-d1-1",
    "parentBatchId": "batch-f1-cotton-root-1",
    "farmerId": "farmer-1",
    "cropType": "Cotton",
    "variety": "Bollgard II",
    "quantity": 1500,
    "originalQuantity": 5000,
    "plantingDate": "2024-05-01",
    "expectedHarvestDate": "2024-10-15",
    "harvestDate": "2024-10-15",
    "farmLocation": "Punjab, India",
    "status": "registered",
    "priceInRupees": 7200,
    "soldTo": "dealer-1",
    "transactionId": "tx-d1-f1-cotton-1",
    "seedName": "Monsanto",
    "qualityScore": 93
  },
  {
    "id": "batch-f2-soybean-root-1",
    "farmerId": "farmer-2",
    "cropType": "Soybean",
    "variety": "JS 335",
    "quantity": 6000,
    "originalQuantity": 6000,
    "plantingDate": "2024-06-20",
    "expectedHarvestDate": "2024-10-05",
    "harvestDate": "2024-10-05",
    "farmLocation": "Haryana, India",
    "status": "sold",
    "seedName": "Jawahar Soybean",
    "qualityScore": 89,
    "mfgDate": "2024-05-10",
    "landArea": 9
  },
  {
    "id": "batch-f2-soybean-d1-1",
    "parentBatchId": "batch-f2-soybean-root-1",
    "farmerId": "farmer-2",
    "cropType": "Soybean",
    "variety": "JS 335",
    "quantity": 2000,
    "originalQuantity": 6000,
    "plantingDate": "2024-06-20",
    "expectedHarvestDate": "2024-10-05",
    "harvestDate": "2024-10-05",
    "farmLocation": "Haryana, India",
    "status": "registered",
    "priceInRupees": 48,
    "soldTo": "dealer-1",
    "transactionId": "tx-d1-f2-soybean-1",
    "seedName": "Jawahar Soybean",
    "qualityScore": 89
  },
  {
    "id": "batch-f4-barley-root-1",
    "farmerId": "farmer-4",
    "cropType": "Barley",
    "variety": "BH 946",
    "quantity": 7000,
    "originalQuantity": 7000,
    "plantingDate": "2023-11-01",
    "expectedHarvestDate": "2024-03-20",
    "harvestDate": "2024-03-20",
    "farmLocation": "Rajasthan, India",
    "status": "sold",
    "seedName": "BH 946 Gold",
    "qualityScore": 90,
    "mfgDate": "2023-10-01",
    "landArea": 10
  },
  {
    "id": "batch-f4-barley-d1-1",
    "parentBatchId": "batch-f4-barley-root-1",
    "farmerId": "farmer-4",
    "cropType": "Barley",
    "variety": "BH 946",
    "quantity": 3000,
    "originalQuantity": 7000,
    "plantingDate": "2023-11-01",
    "expectedHarvestDate": "2024-03-20",
    "harvestDate": "2024-03-20",
    "farmLocation": "Rajasthan, India",
    "status": "registered",
    "priceInRupees": 20,
    "soldTo": "dealer-1",
    "transactionId": "tx-d1-f4-barley-1",
    "seedName": "BH 946 Gold",
    "qualityScore": 90
  },
  {
    "id": "batch-f1-wheat-root-2",
    "farmerId": "farmer-1",
    "cropType": "Wheat",
    "variety": "PBW 550",
    "quantity": 8000,
    "originalQuantity": 8000,
    "plantingDate": "2023-11-20",
    "expectedHarvestDate": "2024-04-15",
    "harvestDate": "2024-04-15",
    "farmLocation": "Punjab, India",
    "status": "sold",
    "seedName": "Punjab Wheat 550",
    "qualityScore": 94,
    "mfgDate": "2023-10-25",
    "landArea": 15
  },
  {
    "id": "batch-f1-wheat-d1-3",
    "parentBatchId": "batch-f1-wheat-root-2",
    "farmerId": "farmer-1",
    "cropType": "Wheat",
    "variety": "PBW 550",
    "quantity": 4000,
    "originalQuantity": 8000,
    "plantingDate": "2023-11-20",
    "expectedHarvestDate": "2024-04-15",
    "harvestDate": "2024-04-15",
    "farmLocation": "Punjab, India",
    "status": "listed",
    "priceInRupees": 2800,
    "soldTo": "dealer-1",
    "transactionId": "tx-d1-f1-wheat-3",
    "seedName": "Punjab Wheat 550",
    "qualityScore": 94,
    "remarks": "",
    "deliveryOption": "delivery",
    "deliveryRadius": 100,
    "deliveryCharges": 10,
    "takeawayAddress": ""
  },
  {
    "id": "batch-f2-corn-root-2",
    "farmerId": "farmer-2",
    "cropType": "Corn",
    "variety": "DKC 9108",
    "quantity": 10000,
    "originalQuantity": 10000,
    "plantingDate": "2024-06-01",
    "expectedHarvestDate": "2024-09-10",
    "harvestDate": "2024-09-10",
    "farmLocation": "Haryana, India",
    "status": "sold",
    "seedName": "Dekalb 9108",
    "qualityScore": 92,
    "mfgDate": "2024-05-05",
    "landArea": 18
  },
  {
    "id": "batch-f2-corn-d1-2",
    "parentBatchId": "batch-f2-corn-root-2",
    "farmerId": "farmer-2",
    "cropType": "Corn",
    "variety": "DKC 9108",
    "quantity": 5000,
    "originalQuantity": 10000,
    "plantingDate": "2024-06-01",
    "expectedHarvestDate": "2024-09-10",
    "harvestDate": "2024-09-10",
    "farmLocation": "Haryana, India",
    "status": "registered",
    "priceInRupees": 21,
    "soldTo": "dealer-1",
    "transactionId": "tx-d1-f2-corn-2",
    "seedName": "Dekalb 9108",
    "qualityScore": 92
  },
  {
    "id": "batch-f1-wheat-d1-4-parent",
    "farmerId": "farmer-1",
    "cropType": "Wheat",
    "variety": "HD-3226",
    "originalQuantity": 1500,
    "quantity": 0,
    "plantingDate": "2023-11-15",
    "expectedHarvestDate": "2024-04-10",
    "harvestDate": "2024-04-10",
    "farmLocation": "Punjab, India",
    "status": "sold",
    "seedName": "Shriram Super 303",
    "qualityScore": 95
  },
  {
    "id": "batch-f1-wheat-d1-4",
    "parentBatchId": "batch-f1-wheat-d1-4-parent",
    "farmerId": "farmer-1",
    "cropType": "Wheat",
    "variety": "HD-3226",
    "quantity": 1500,
    "originalQuantity": 1500,
    "plantingDate": "2023-11-15",
    "expectedHarvestDate": "2024-04-10",
    "harvestDate": "2024-04-10",
    "farmLocation": "Punjab, India",
    "status": "listed",
    "priceInRupees": 30000,
    "soldTo": "dealer-1",
    "transactionId": "tx-d1-f1-wheat-4",
    "seedName": "Shriram Super 303",
    "qualityScore": 95,
    "remarks": "",
    "deliveryOption": "delivery",
    "deliveryRadius": 100,
    "deliveryCharges": 9,
    "takeawayAddress": ""
  },
  {
    "id": "batch-f2-corn-d1-3-parent",
    "farmerId": "farmer-2",
    "cropType": "Corn",
    "variety": "Pioneer P3396",
    "originalQuantity": 3000,
    "quantity": 0,
    "plantingDate": "2024-05-20",
    "expectedHarvestDate": "2024-08-15",
    "harvestDate": "2024-08-15",
    "farmLocation": "Haryana, India",
    "status": "sold",
    "seedName": "Pioneer Hybrid",
    "qualityScore": 91
  },
  {
    "id": "batch-f2-corn-d1-3",
    "parentBatchId": "batch-f2-corn-d1-3-parent",
    "farmerId": "farmer-2",
    "cropType": "Corn",
    "variety": "Pioneer P3396",
    "quantity": 3000,
    "originalQuantity": 3000,
    "plantingDate": "2024-05-20",
    "expectedHarvestDate": "2024-08-15",
    "harvestDate": "2024-08-15",
    "farmLocation": "Haryana, India",
    "status": "registered",
    "priceInRupees": 22,
    "soldTo": "dealer-1",
    "transactionId": "tx-d1-f2-corn-3",
    "seedName": "Pioneer Hybrid",
    "qualityScore": 91
  },
  {
    "id": "batch-f3-rice-d1-3-parent",
    "farmerId": "farmer-3",
    "cropType": "Basmati Rice",
    "variety": "Pusa 1121",
    "originalQuantity": 2000,
    "quantity": 0,
    "plantingDate": "2024-06-10",
    "expectedHarvestDate": "2024-09-25",
    "harvestDate": "2024-09-25",
    "farmLocation": "Uttar Pradesh, India",
    "status": "sold",
    "seedName": "Pusa Basmati",
    "qualityScore": 98
  },
  {
    "id": "batch-f3-rice-d1-3",
    "parentBatchId": "batch-f3-rice-d1-3-parent",
    "farmerId": "farmer-3",
    "cropType": "Basmati Rice",
    "variety": "Pusa 1121",
    "quantity": 2000,
    "originalQuantity": 2000,
    "plantingDate": "2024-06-10",
    "expectedHarvestDate": "2024-09-25",
    "harvestDate": "2024-09-25",
    "farmLocation": "Uttar Pradesh, India",
    "status": "registered",
    "priceInRupees": 89,
    "soldTo": "dealer-1",
    "transactionId": "tx-d1-f3-rice-3",
    "seedName": "Pusa Basmati",
    "qualityScore": 98
  },
  {
    "id": "batch-f4-mustard-d1-3-parent",
    "farmerId": "farmer-4",
    "cropType": "Mustard",
    "variety": "NRCHB-101",
    "originalQuantity": 2000,
    "quantity": 0,
    "plantingDate": "2023-10-25",
    "expectedHarvestDate": "2024-03-10",
    "harvestDate": "2024-03-10",
    "farmLocation": "Rajasthan, India",
    "status": "sold",
    "seedName": "NRCHB Gold",
    "qualityScore": 92
  },
  {
    "id": "batch-f4-mustard-d1-3",
    "parentBatchId": "batch-f4-mustard-d1-3-parent",
    "farmerId": "farmer-4",
    "cropType": "Mustard",
    "variety": "NRCHB-101",
    "quantity": 2000,
    "originalQuantity": 2000,
    "plantingDate": "2023-10-25",
    "expectedHarvestDate": "2024-03-10",
    "harvestDate": "2024-03-10",
    "farmLocation": "Rajasthan, India",
    "status": "registered",
    "priceInRupees": 59,
    "soldTo": "dealer-1",
    "transactionId": "tx-d1-f4-mustard-3",
    "seedName": "NRCHB Gold",
    "qualityScore": 92
  },
  {
    "id": "batch-f1-cotton-d1-3-parent",
    "farmerId": "farmer-1",
    "cropType": "Cotton",
    "variety": "Bollgard II",
    "originalQuantity": 1000,
    "quantity": 0,
    "plantingDate": "2024-05-01",
    "expectedHarvestDate": "2024-10-15",
    "harvestDate": "2024-10-15",
    "farmLocation": "Punjab, India",
    "status": "sold",
    "seedName": "Monsanto",
    "qualityScore": 93
  },
  {
    "id": "batch-f1-cotton-d1-3",
    "parentBatchId": "batch-f1-cotton-d1-3-parent",
    "farmerId": "farmer-1",
    "cropType": "Cotton",
    "variety": "Bollgard II",
    "quantity": 1000,
    "originalQuantity": 1000,
    "plantingDate": "2024-05-01",
    "expectedHarvestDate": "2024-10-15",
    "harvestDate": "2024-10-15",
    "farmLocation": "Punjab, India",
    "status": "registered",
    "priceInRupees": 7250,
    "soldTo": "dealer-1",
    "transactionId": "tx-d1-f1-cotton-3",
    "seedName": "Monsanto",
    "qualityScore": 93
  },
  {
    "id": "batch-f2-soybean-d1-3-parent",
    "farmerId": "farmer-2",
    "cropType": "Soybean",
    "variety": "JS 335",
    "originalQuantity": 1500,
    "quantity": 0,
    "plantingDate": "2024-06-20",
    "expectedHarvestDate": "2024-10-05",
    "harvestDate": "2024-10-05",
    "farmLocation": "Haryana, India",
    "status": "sold",
    "seedName": "Jawahar Soybean",
    "qualityScore": 89
  },
  {
    "id": "batch-f2-soybean-d1-3",
    "parentBatchId": "batch-f2-soybean-d1-3-parent",
    "farmerId": "farmer-2",
    "cropType": "Soybean",
    "variety": "JS 335",
    "quantity": 1500,
    "originalQuantity": 1500,
    "plantingDate": "2024-06-20",
    "expectedHarvestDate": "2024-10-05",
    "harvestDate": "2024-10-05",
    "farmLocation": "Haryana, India",
    "status": "registered",
    "priceInRupees": 48,
    "soldTo": "dealer-1",
    "transactionId": "tx-d1-f2-soybean-3",
    "seedName": "Jawahar Soybean",
    "qualityScore": 89
  },
  {
    "id": "batch-f4-barley-d1-3-parent",
    "farmerId": "farmer-4",
    "cropType": "Barley",
    "variety": "BH 946",
    "originalQuantity": 1500,
    "quantity": 0,
    "plantingDate": "2023-11-01",
    "expectedHarvestDate": "2024-03-20",
    "harvestDate": "2024-03-20",
    "farmLocation": "Rajasthan, India",
    "status": "sold",
    "seedName": "BH 946 Gold",
    "qualityScore": 90
  },
  {
    "id": "batch-f4-barley-d1-3",
    "parentBatchId": "batch-f4-barley-d1-3-parent",
    "farmerId": "farmer-4",
    "cropType": "Barley",
    "variety": "BH 946",
    "quantity": 1500,
    "originalQuantity": 1500,
    "plantingDate": "2023-11-01",
    "expectedHarvestDate": "2024-03-20",
    "harvestDate": "2024-03-20",
    "farmLocation": "Rajasthan, India",
    "status": "registered",
    "priceInRupees": 20,
    "soldTo": "dealer-1",
    "transactionId": "tx-d1-f4-barley-3",
    "seedName": "BH 946 Gold",
    "qualityScore": 90
  },
  {
    "id": "batch-f1-wheat-d1-5-parent",
    "farmerId": "farmer-1",
    "cropType": "Wheat",
    "variety": "PBW 550",
    "originalQuantity": 500,
    "quantity": 0,
    "plantingDate": "2023-11-20",
    "expectedHarvestDate": "2024-04-15",
    "harvestDate": "2024-04-15",
    "farmLocation": "Punjab, India",
    "status": "sold",
    "seedName": "Punjab Wheat 550",
    "qualityScore": 94
  },
  {
    "id": "batch-f1-wheat-d1-5",
    "parentBatchId": "batch-f1-wheat-d1-5-parent",
    "farmerId": "farmer-1",
    "cropType": "Wheat",
    "variety": "PBW 550",
    "quantity": 500,
    "originalQuantity": 500,
    "plantingDate": "2023-11-20",
    "expectedHarvestDate": "2024-04-15",
    "harvestDate": "2024-04-15",
    "farmLocation": "Punjab, India",
    "status": "registered",
    "priceInRupees": 25,
    "soldTo": "dealer-1",
    "transactionId": "tx-d1-f1-wheat-5",
    "seedName": "Punjab Wheat 550",
    "qualityScore": 94
  },
  {
    "id": "batch-f2-corn-d1-4-parent",
    "farmerId": "farmer-2",
    "cropType": "Corn",
    "variety": "DKC 9108",
    "originalQuantity": 1000,
    "quantity": 0,
    "plantingDate": "2024-06-01",
    "expectedHarvestDate": "2024-09-10",
    "harvestDate": "2024-09-10",
    "farmLocation": "Haryana, India",
    "status": "sold",
    "seedName": "Dekalb 9108",
    "qualityScore": 92
  },
  {
    "id": "batch-f2-corn-d1-4",
    "parentBatchId": "batch-f2-corn-d1-4-parent",
    "farmerId": "farmer-2",
    "cropType": "Corn",
    "variety": "DKC 9108",
    "quantity": 1000,
    "originalQuantity": 1000,
    "plantingDate": "2024-06-01",
    "expectedHarvestDate": "2024-09-10",
    "harvestDate": "2024-09-10",
    "farmLocation": "Haryana, India",
    "status": "registered",
    "priceInRupees": 23,
    "soldTo": "dealer-1",
    "transactionId": "tx-d1-f2-corn-4",
    "seedName": "Dekalb 9108",
    "qualityScore": 92
  },
  {
    "id": "mkt-batch-f2-sugarcane-01",
    "farmerId": "farmer-2",
    "cropType": "Sugarcane",
    "variety": "Co 0238",
    "quantity": 25000,
    "plantingDate": "2023-10-10",
    "harvestDate": "2024-09-01",
    "farmLocation": "Haryana, India",
    "status": "listed",
    "priceInRupees": 3.8,
    "seedName": "Karan-4",
    "qualityScore": 88,
    "mfgDate": "2023-02-10",
    "landArea": 12,
    "remarks": "High sucrose content, harvested at peak maturity.",
    "deliveryOption": "delivery",
    "deliveryRadius": 150,
    "deliveryCharges": 5
  },
  {
    "id": "mkt-batch-f3-potato-01",
    "farmerId": "farmer-3",
    "cropType": "Potato",
    "variety": "Kufri Jyoti",
    "quantity": 8000,
    "plantingDate": "2023-11-25",
    "harvestDate": "2024-03-05",
    "farmLocation": "Uttar Pradesh, India",
    "status": "listed",
    "priceInRupees": 15,
    "seedName": "Kufri Chipsona-1",
    "qualityScore": 94,
    "mfgDate": "2023-09-15",
    "landArea": 4,
    "remarks": "Ideal for chips and processing. Stored in cold storage since harvest.",
    "deliveryOption": "takeaway",
    "takeawayAddress": "Near Gajraula, Amroha district, Uttar Pradesh"
  },
  {
    "id": "mkt-batch-f4-onion-01",
    "farmerId": "farmer-4",
    "cropType": "Onion",
    "variety": "N-53",
    "quantity": 12000,
    "plantingDate": "2023-12-01",
    "harvestDate": "2024-04-20",
    "farmLocation": "Rajasthan, India",
    "status": "listed",
    "priceInRupees": 22,
    "seedName": "Nasik Red",
    "qualityScore": 90,
    "mfgDate": "2023-10-01",
    "landArea": 6,
    "remarks": "Good size and color. Dried and cured properly.",
    "deliveryOption": "delivery",
    "deliveryRadius": 200,
    "deliveryCharges": 8
  },
  {
    "id": "mkt-batch-f1-tomato-01",
    "farmerId": "farmer-1",
    "cropType": "Tomato",
    "variety": "Abhinav",
    "quantity": 3000,
    "plantingDate": "2024-07-01",
    "harvestDate": "2024-09-15",
    "farmLocation": "Punjab, India",
    "status": "listed",
    "priceInRupees": 35,
    "seedName": "Syngenta 1057",
    "qualityScore": 96,
    "mfgDate": "2024-05-10",
    "landArea": 2,
    "remarks": "Freshly harvested, firm and suitable for long-distance transport.",
    "deliveryOption": "takeaway",
    "takeawayAddress": "Ludhiana Farm Warehouse, Punjab"
  },
  {
    "id": "mkt-batch-ext-01",
    "farmerId": "farmer-1",
    "cropType": "Wheat",
    "variety": "PBW 343",
    "quantity": 7500,
    "plantingDate": "2023-11-10",
    "harvestDate": "2024-04-05",
    "farmLocation": "Punjab, India",
    "status": "listed",
    "priceInRupees": 24.5,
    "seedName": "PBW Gold",
    "qualityScore": 93,
    "mfgDate": "2023-09-20",
    "landArea": 8,
    "remarks": "High protein content, excellent for flour.",
    "deliveryOption": "delivery",
    "deliveryRadius": 100,
    "deliveryCharges": 7
  },
  {
    "id": "mkt-batch-ext-02",
    "farmerId": "farmer-2",
    "cropType": "Corn",
    "variety": "Hishell",
    "quantity": 11000,
    "plantingDate": "2024-05-15",
    "harvestDate": "2024-08-20",
    "farmLocation": "Haryana, India",
    "status": "listed",
    "priceInRupees": 21,
    "seedName": "Monsanto Hishell",
    "qualityScore": 90,
    "mfgDate": "2024-04-01",
    "landArea": 14,
    "remarks": "Low moisture content, suitable for feed.",
    "deliveryOption": "takeaway",
    "takeawayAddress": "Karnal Mandi, Haryana"
  },
  {
    "id": "mkt-batch-ext-03",
    "farmerId": "farmer-3",
    "cropType": "Basmati Rice",
    "variety": "Pusa 1509",
    "quantity": 5000,
    "plantingDate": "2024-06-15",
    "harvestDate": "2024-10-01",
    "farmLocation": "Uttar Pradesh, India",
    "status": "listed",
    "priceInRupees": 95,
    "seedName": "Pusa Gold",
    "qualityScore": 97,
    "mfgDate": "2024-05-05",
    "landArea": 5,
    "remarks": "Extra long grain, aromatic.",
    "deliveryOption": "delivery",
    "deliveryRadius": 250,
    "deliveryCharges": 12
  },
  {
    "id": "mkt-batch-ext-04",
    "farmerId": "farmer-4",
    "cropType": "Mustard",
    "variety": "GSC-7",
    "quantity": 6000,
    "plantingDate": "2023-10-20",
    "harvestDate": "2024-03-05",
    "farmLocation": "Rajasthan, India",
    "status": "listed",
    "priceInRupees": 57,
    "seedName": "GSC Gold",
    "qualityScore": 91,
    "mfgDate": "2023-09-10",
    "landArea": 8,
    "remarks": "High oil content.",
    "deliveryOption": "takeaway",
    "takeawayAddress": "Alwar Mandi, Rajasthan"
  },
  {
    "id": "mkt-batch-ext-05",
    "farmerId": "farmer-1",
    "cropType": "Cotton",
    "variety": "RCH 659",
    "quantity": 3500,
    "plantingDate": "2024-05-05",
    "harvestDate": "2024-10-20",
    "farmLocation": "Punjab, India",
    "status": "listed",
    "priceInRupees": 7300,
    "seedName": "Rasi Seeds",
    "qualityScore": 94,
    "mfgDate": "2024-03-20",
    "landArea": 10,
    "remarks": "Long staple length.",
    "deliveryOption": "delivery",
    "deliveryRadius": 120,
    "deliveryCharges": 10
  },
  {
    "id": "mkt-batch-ext-06",
    "farmerId": "farmer-2",
    "cropType": "Soybean",
    "variety": "MAUS 158",
    "quantity": 4000,
    "plantingDate": "2024-06-25",
    "harvestDate": "2024-10-10",
    "farmLocation": "Haryana, India",
    "status": "listed",
    "priceInRupees": 47,
    "seedName": "MACS",
    "qualityScore": 90,
    "mfgDate": "2024-05-15",
    "landArea": 7,
    "remarks": "High protein, non-GMO.",
    "deliveryOption": "takeaway",
    "takeawayAddress": "Hisar Warehouse, Haryana"
  },
  {
    "id": "mkt-batch-ext-07",
    "farmerId": "farmer-3",
    "cropType": "Potato",
    "variety": "Kufri Bahar",
    "quantity": 15000,
    "plantingDate": "2023-11-30",
    "harvestDate": "2024-03-15",
    "farmLocation": "Uttar Pradesh, India",
    "status": "listed",
    "priceInRupees": 14,
    "seedName": "Kufri Seeds",
    "qualityScore": 92,
    "mfgDate": "2023-09-25",
    "landArea": 7,
    "remarks": "Excellent for table purpose.",
    "deliveryOption": "delivery",
    "deliveryRadius": 80,
    "deliveryCharges": 6
  },
  {
    "id": "mkt-batch-ext-08",
    "farmerId": "farmer-4",
    "cropType": "Onion",
    "variety": "ALR",
    "quantity": 9000,
    "plantingDate": "2023-12-05",
    "harvestDate": "2024-04-25",
    "farmLocation": "Rajasthan, India",
    "status": "listed",
    "priceInRupees": 23,
    "seedName": "ALR Seeds",
    "qualityScore": 91,
    "mfgDate": "2023-10-05",
    "landArea": 5,
    "remarks": "Pungent and uniform size.",
    "deliveryOption": "takeaway",
    "takeawayAddress": "Jaipur Mandi, Rajasthan"
  },
  {
    "id": "mkt-batch-ext-09",
    "farmerId": "farmer-1",
    "cropType": "Barley",
    "variety": "DWRB 123",
    "quantity": 5500,
    "plantingDate": "2023-11-05",
    "harvestDate": "2024-03-25",
    "farmLocation": "Punjab, India",
    "status": "listed",
    "priceInRupees": 21,
    "seedName": "DWRB Seeds",
    "qualityScore": 92,
    "mfgDate": "2023-10-05",
    "landArea": 7,
    "remarks": "Good for malt.",
    "deliveryOption": "delivery",
    "deliveryRadius": 150,
    "deliveryCharges": 9
  },
  {
    "id": "mkt-batch-ext-10",
    "farmerId": "farmer-2",
    "cropType": "Sugarcane",
    "variety": "Co 86032",
    "quantity": 30000,
    "plantingDate": "2023-10-15",
    "harvestDate": "2024-09-10",
    "farmLocation": "Haryana, India",
    "status": "listed",
    "priceInRupees": 3.7,
    "seedName": "Karan-2",
    "qualityScore": 89,
    "mfgDate": "2023-02-15",
    "landArea": 15,
    "remarks": "Good for sugar production.",
    "deliveryOption": "takeaway",
    "takeawayAddress": "Rohtak Sugar Mill, Haryana"
  },
  {
    "id": "mkt-batch-ext-11",
    "farmerId": "farmer-3",
    "cropType": "Tomato",
    "variety": "Pusa Ruby",
    "quantity": 4500,
    "plantingDate": "2024-07-05",
    "harvestDate": "2024-09-20",
    "farmLocation": "Uttar Pradesh, India",
    "status": "listed",
    "priceInRupees": 33,
    "seedName": "Pusa Early",
    "qualityScore": 95,
    "mfgDate": "2024-05-20",
    "landArea": 3,
    "remarks": "Juicy and vibrant color.",
    "deliveryOption": "delivery",
    "deliveryRadius": 100,
    "deliveryCharges": 8
  },
  {
    "id": "mkt-batch-ext-12",
    "farmerId": "farmer-4",
    "cropType": "Wheat",
    "variety": "Raj 3765",
    "quantity": 9000,
    "plantingDate": "2023-11-12",
    "harvestDate": "2024-04-08",
    "farmLocation": "Rajasthan, India",
    "status": "listed",
    "priceInRupees": 24,
    "seedName": "Raj Seeds",
    "qualityScore": 92,
    "mfgDate": "2023-09-22",
    "landArea": 10,
    "remarks": "Drought-resistant variety.",
    "deliveryOption": "takeaway",
    "takeawayAddress": "Jodhpur Mandi, Rajasthan"
  },
  {
    "id": "mkt-batch-ext-13",
    "farmerId": "farmer-1",
    "cropType": "Corn",
    "variety": "PMH-1",
    "quantity": 12000,
    "plantingDate": "2024-05-18",
    "harvestDate": "2024-08-25",
    "farmLocation": "Punjab, India",
    "status": "listed",
    "priceInRupees": 21.5,
    "seedName": "Punjab Maize Hybrid",
    "qualityScore": 91,
    "mfgDate": "2024-04-05",
    "landArea": 15,
    "remarks": "High yield.",
    "deliveryOption": "delivery",
    "deliveryRadius": 130,
    "deliveryCharges": 8
  },
  {
    "id": "mkt-batch-ext-14",
    "farmerId": "farmer-2",
    "cropType": "Basmati Rice",
    "variety": "Taraori",
    "quantity": 4000,
    "plantingDate": "2024-06-20",
    "harvestDate": "2024-10-05",
    "farmLocation": "Haryana, India",
    "status": "listed",
    "priceInRupees": 98,
    "seedName": "Haryana King",
    "qualityScore": 98,
    "mfgDate": "2024-05-10",
    "landArea": 4,
    "remarks": "Aged for 1 year, exceptional aroma.",
    "deliveryOption": "takeaway",
    "takeawayAddress": "Ambala Cantt, Haryana"
  },
  {
    "id": "mkt-batch-ext-15",
    "farmerId": "farmer-3",
    "cropType": "Mustard",
    "variety": "Ganga",
    "quantity": 7000,
    "plantingDate": "2023-10-22",
    "harvestDate": "2024-03-08",
    "farmLocation": "Uttar Pradesh, India",
    "status": "listed",
    "priceInRupees": 56,
    "seedName": "Ganga Kaveri",
    "qualityScore": 90,
    "mfgDate": "2023-09-12",
    "landArea": 9,
    "remarks": "High pungency.",
    "deliveryOption": "delivery",
    "deliveryRadius": 180,
    "deliveryCharges": 11
  },
  {
    "id": "mkt-batch-ext-16",
    "farmerId": "farmer-4",
    "cropType": "Cotton",
    "variety": "BT-1",
    "quantity": 4500,
    "plantingDate": "2024-05-10",
    "harvestDate": "2024-10-25",
    "farmLocation": "Rajasthan, India",
    "status": "listed",
    "priceInRupees": 7250,
    "seedName": "Nuziveedu Seeds",
    "qualityScore": 93,
    "mfgDate": "2024-03-25",
    "landArea": 11,
    "remarks": "Good micronaire value.",
    "deliveryOption": "takeaway",
    "takeawayAddress": "Ganganagar Cotton Mill, Rajasthan"
  },
  {
    "id": "mkt-batch-ext-17",
    "farmerId": "farmer-1",
    "cropType": "Soybean",
    "variety": "SL 958",
    "quantity": 6500,
    "plantingDate": "2024-06-30",
    "harvestDate": "2024-10-15",
    "farmLocation": "Punjab, India",
    "status": "listed",
    "priceInRupees": 46,
    "seedName": "PAU Seeds",
    "qualityScore": 89,
    "mfgDate": "2024-05-20",
    "landArea": 8,
    "remarks": "Good for oil extraction.",
    "deliveryOption": "delivery",
    "deliveryRadius": 100,
    "deliveryCharges": 7
  },
  {
    "id": "mkt-batch-ext-18",
    "farmerId": "farmer-2",
    "cropType": "Potato",
    "variety": "Kufri Pukhraj",
    "quantity": 20000,
    "plantingDate": "2023-12-05",
    "harvestDate": "2024-03-20",
    "farmLocation": "Haryana, India",
    "status": "listed",
    "priceInRupees": 13.5,
    "seedName": "CPRI Seeds",
    "qualityScore": 91,
    "mfgDate": "2023-10-01",
    "landArea": 9,
    "remarks": "Early maturing variety.",
    "deliveryOption": "takeaway",
    "takeawayAddress": "Sonipat Cold Storage, Haryana"
  },
  {
    "id": "mkt-batch-ext-19",
    "farmerId": "farmer-3",
    "cropType": "Onion",
    "variety": "Bhima Super",
    "quantity": 10000,
    "plantingDate": "2023-12-10",
    "harvestDate": "2024-04-30",
    "farmLocation": "Uttar Pradesh, India",
    "status": "listed",
    "priceInRupees": 24,
    "seedName": "Bhima Seeds",
    "qualityScore": 92,
    "mfgDate": "2023-10-10",
    "landArea": 7,
    "remarks": "Good storability.",
    "deliveryOption": "delivery",
    "deliveryRadius": 150,
    "deliveryCharges": 9
  },
  {
    "id": "mkt-batch-ext-20",
    "farmerId": "farmer-4",
    "cropType": "Barley",
    "variety": "RD 2035",
    "quantity": 8000,
    "plantingDate": "2023-11-10",
    "harvestDate": "2024-03-30",
    "farmLocation": "Rajasthan, India",
    "status": "listed",
    "priceInRupees": 20.5,
    "seedName": "Rajasthan Seeds",
    "qualityScore": 91,
    "mfgDate": "2023-10-10",
    "landArea": 9,
    "remarks": "Resistant to yellow rust.",
    "deliveryOption": "takeaway",
    "takeawayAddress": "Bikaner Mandi, Rajasthan"
  },
  {
    "id": "mkt-batch-ext-21",
    "farmerId": "farmer-1",
    "cropType": "Sugarcane",
    "variety": "CoPb 94",
    "quantity": 35000,
    "plantingDate": "2023-10-20",
    "harvestDate": "2024-09-15",
    "farmLocation": "Punjab, India",
    "status": "listed",
    "priceInRupees": 3.9,
    "seedName": "PAU Ludhiana",
    "qualityScore": 90,
    "mfgDate": "2023-02-20",
    "landArea": 16,
    "remarks": "High tillering capacity.",
    "deliveryOption": "delivery",
    "deliveryRadius": 90,
    "deliveryCharges": 5
  },
  {
    "id": "mkt-batch-ext-22",
    "farmerId": "farmer-2",
    "cropType": "Tomato",
    "variety": "Hisar Arun",
    "quantity": 5000,
    "plantingDate": "2024-07-10",
    "harvestDate": "2024-09-25",
    "farmLocation": "Haryana, India",
    "status": "listed",
    "priceInRupees": 34,
    "seedName": "HAU Hisar",
    "qualityScore": 94,
    "mfgDate": "2024-05-25",
    "landArea": 3.5,
    "remarks": "Determinate variety, good for processing.",
    "deliveryOption": "takeaway",
    "takeawayAddress": "Gurgaon Vegetable Market, Haryana"
  },
  {
    "id": "mkt-batch-ext-23",
    "farmerId": "farmer-3",
    "cropType": "Wheat",
    "variety": "HD 2967",
    "quantity": 13000,
    "plantingDate": "2023-11-18",
    "harvestDate": "2024-04-12",
    "farmLocation": "Uttar Pradesh, India",
    "status": "listed",
    "priceInRupees": 25,
    "seedName": "IARI Gold",
    "qualityScore": 94,
    "mfgDate": "2023-09-25",
    "landArea": 15,
    "remarks": "Most popular variety in the region.",
    "deliveryOption": "delivery",
    "deliveryRadius": 200,
    "deliveryCharges": 10
  },
  {
    "id": "mkt-batch-ext-24",
    "farmerId": "farmer-4",
    "cropType": "Corn",
    "variety": "Pratap QPM-1",
    "quantity": 9500,
    "plantingDate": "2024-05-22",
    "harvestDate": "2024-08-30",
    "farmLocation": "Rajasthan, India",
    "status": "listed",
    "priceInRupees": 22.5,
    "seedName": "Pratap Seeds",
    "qualityScore": 92,
    "mfgDate": "2024-04-10",
    "landArea": 12,
    "remarks": "Quality Protein Maize.",
    "deliveryOption": "takeaway",
    "takeawayAddress": "Udaipur Mandi, Rajasthan"
  },
  {
    "id": "mkt-batch-ext-25",
    "farmerId": "farmer-1",
    "cropType": "Basmati Rice",
    "variety": "PB 1",
    "quantity": 6000,
    "plantingDate": "2024-06-25",
    "harvestDate": "2024-10-10",
    "farmLocation": "Punjab, India",
    "status": "listed",
    "priceInRupees": 100,
    "seedName": "Punjab Basmati",
    "qualityScore": 99,
    "mfgDate": "2024-05-15",
    "landArea": 6,
    "remarks": "Premium quality, aged 6 months.",
    "deliveryOption": "delivery",
    "deliveryRadius": 300,
    "deliveryCharges": 15
  },
  {
    "id": "mkt-batch-ext-26",
    "farmerId": "farmer-2",
    "cropType": "Mustard",
    "variety": "RH-749",
    "quantity": 8000,
    "plantingDate": "2023-10-28",
    "harvestDate": "2024-03-12",
    "farmLocation": "Haryana, India",
    "status": "listed",
    "priceInRupees": 58.5,
    "seedName": "Haryana Gold",
    "qualityScore": 92,
    "mfgDate": "2023-09-18",
    "landArea": 10,
    "remarks": "Bold seeds, high oil yield.",
    "deliveryOption": "takeaway",
    "takeawayAddress": "Rewari Oil Mill, Haryana"
  },
  {
    "id": "mkt-batch-ext-27",
    "farmerId": "farmer-3",
    "cropType": "Cotton",
    "variety": "Suraj",
    "quantity": 5500,
    "plantingDate": "2024-05-12",
    "harvestDate": "2024-10-30",
    "farmLocation": "Uttar Pradesh, India",
    "status": "listed",
    "priceInRupees": 7150,
    "seedName": "CICR Suraj",
    "qualityScore": 92,
    "mfgDate": "2024-03-30",
    "landArea": 13,
    "remarks": "Good tensile strength.",
    "deliveryOption": "delivery",
    "deliveryRadius": 160,
    "deliveryCharges": 11
  },
  {
    "id": "mkt-batch-ext-28",
    "farmerId": "farmer-4",
    "cropType": "Soybean",
    "variety": "Pratap Soya-1",
    "quantity": 5000,
    "plantingDate": "2024-07-01",
    "harvestDate": "2024-10-20",
    "farmLocation": "Rajasthan, India",
    "status": "listed",
    "priceInRupees": 45,
    "seedName": "Pratap Seeds",
    "qualityScore": 88,
    "mfgDate": "2024-05-22",
    "landArea": 7,
    "remarks": "Suitable for arid conditions.",
    "deliveryOption": "takeaway",
    "takeawayAddress": "Kota Oil Complex, Rajasthan"
  },
  {
    "id": "mkt-batch-ext-29",
    "farmerId": "farmer-1",
    "cropType": "Potato",
    "variety": "Kufri Chipsona-3",
    "quantity": 18000,
    "plantingDate": "2023-12-10",
    "harvestDate": "2024-03-25",
    "farmLocation": "Punjab, India",
    "status": "listed",
    "priceInRupees": 16,
    "seedName": "CPRI-3",
    "qualityScore": 95,
    "mfgDate": "2023-10-05",
    "landArea": 8,
    "remarks": "Low reducing sugars, perfect for frying.",
    "deliveryOption": "delivery",
    "deliveryRadius": 100,
    "deliveryCharges": 7
  },
  {
    "id": "mkt-batch-ext-30",
    "farmerId": "farmer-2",
    "cropType": "Onion",
    "variety": "Pusa Red",
    "quantity": 14000,
    "plantingDate": "2023-12-15",
    "harvestDate": "2024-05-05",
    "farmLocation": "Haryana, India",
    "status": "listed",
    "priceInRupees": 21.5,
    "seedName": "IARI Seeds",
    "qualityScore": 89,
    "mfgDate": "2023-10-15",
    "landArea": 8,
    "remarks": "Standard quality, bulk quantity available.",
    "deliveryOption": "takeaway",
    "takeawayAddress": "Panipat Mandi, Haryana"
  },
  {
    "id": "81fc085a-0262-4960-8b43-0309d7a64286",
    "farmerId": "farmer-1",
    "cropType": "Basmati Rice",
    "variety": "asSVdV",
    "quantity": 45,
    "plantingDate": "2025-10-04",
    "expectedHarvestDate": "2025-09-23",
    "harvestDate": "2025-09-23",
    "farmLocation": "zsVDVadV",
    "status": "registered",
    "seedName": "vvdzvdz",
    "qualityScore": 0,
    "mfgDate": "2025-09-08",
    "landArea": 78,
    "txHash": "0xf110ae4624890cea1bd5d396cca7071f47959752acc3c3deab824add2de629d1"
  }
]