
      
[
  {
    "id": "tx-default-01",
    "batchId": "default-sold-batch-01",
    "farmerId": "farmer-1",
    "dealerId": "dealer-1",
    "purchaseDate": "2024-04-11",
    "quantity": 5000,
    "pricePerKgInRupees": 23,
    "totalAmountInRupees": 115000
  },
  {
    "id": "tx-d1-f1-wheat-1",
    "batchId": "batch-f1-wheat-d1-1",
    "farmerId": "farmer-1",
    "dealerId": "dealer-1",
    "purchaseDate": "2024-04-12",
    "quantity": 2000,
    "pricePerKgInRupees": 24,
    "totalAmountInRupees": 48000
  },
  {
    "id": "tx-d1-f1-wheat-2",
    "batchId": "batch-f1-wheat-d1-2",
    "farmerId": "farmer-1",
    "dealerId": "dealer-1",
    "purchaseDate": "2024-04-13",
    "quantity": 3000,
    "pricePerKgInRupees": 24,
    "totalAmountInRupees": 72000
  },
  {
    "id": "tx-d1-f2-corn-1",
    "batchId": "batch-f2-corn-d1-1",
    "farmerId": "farmer-2",
    "dealerId": "dealer-1",
    "purchaseDate": "2024-08-18",
    "quantity": 5000,
    "pricePerKgInRupees": 22,
    "totalAmountInRupees": 110000
  },
  {
    "id": "tx-d1-f3-rice-1",
    "batchId": "batch-f3-rice-d1-1",
    "farmerId": "farmer-3",
    "dealerId": "dealer-1",
    "purchaseDate": "2024-09-28",
    "quantity": 1000,
    "pricePerKgInRupees": 88,
    "totalAmountInRupees": 88000
  },
  {
    "id": "tx-d1-f4-mustard-1",
    "batchId": "batch-f4-mustard-d1-1",
    "farmerId": "farmer-4",
    "dealerId": "dealer-1",
    "purchaseDate": "2024-03-12",
    "quantity": 4000,
    "pricePerKgInRupees": 58,
    "totalAmountInRupees": 232000
  },
  {
    "id": "tx-d1-f1-cotton-1",
    "batchId": "batch-f1-cotton-d1-1",
    "farmerId": "farmer-1",
    "dealerId": "dealer-1",
    "purchaseDate": "2024-10-18",
    "quantity": 1500,
    "pricePerKgInRupees": 7200,
    "totalAmountInRupees": 10800000
  },
  {
    "id": "tx-d1-f2-soybean-1",
    "batchId": "batch-f2-soybean-d1-1",
    "farmerId": "farmer-2",
    "dealerId": "dealer-1",
    "purchaseDate": "2024-10-08",
    "quantity": 2000,
    "pricePerKgInRupees": 48,
    "totalAmountInRupees": 96000
  },
  {
    "id": "tx-d1-f4-barley-1",
    "batchId": "batch-f4-barley-d1-1",
    "farmerId": "farmer-4",
    "dealerId": "dealer-1",
    "purchaseDate": "2024-03-22",
    "quantity": 3000,
    "pricePerKgInRupees": 20,
    "totalAmountInRupees": 60000
  },
  {
    "id": "tx-d1-f1-wheat-3",
    "batchId": "batch-f1-wheat-d1-3",
    "farmerId": "farmer-1",
    "dealerId": "dealer-1",
    "purchaseDate": "2024-04-18",
    "quantity": 4000,
    "pricePerKgInRupees": 23,
    "totalAmountInRupees": 92000
  },
  {
    "id": "tx-d1-f2-corn-2",
    "batchId": "batch-f2-corn-d1-2",
    "farmerId": "farmer-2",
    "dealerId": "dealer-1",
    "purchaseDate": "2024-09-12",
    "quantity": 5000,
    "pricePerKgInRupees": 21,
    "totalAmountInRupees": 105000
  },
  {
    "id": "tx-d1-f1-wheat-4",
    "batchId": "batch-f1-wheat-d1-4",
    "farmerId": "farmer-1",
    "dealerId": "dealer-1",
    "purchaseDate": "2024-04-18",
    "quantity": 1500,
    "pricePerKgInRupees": 24,
    "totalAmountInRupees": 36000
  },
  {
    "id": "tx-d1-f2-corn-3",
    "batchId": "batch-f2-corn-d1-3",
    "farmerId": "farmer-2",
    "dealerId": "dealer-1",
    "purchaseDate": "2024-08-22",
    "quantity": 3000,
    "pricePerKgInRupees": 22,
    "totalAmountInRupees": 66000
  },
  {
    "id": "tx-d1-f3-rice-3",
    "batchId": "batch-f3-rice-d1-3",
    "farmerId": "farmer-3",
    "dealerId": "dealer-1",
    "purchaseDate": "2024-10-05",
    "quantity": 2000,
    "pricePerKgInRupees": 89,
    "totalAmountInRupees": 178000
  },
  {
    "id": "tx-d1-f4-mustard-3",
    "batchId": "batch-f4-mustard-d1-3",
    "farmerId": "farmer-4",
    "dealerId": "dealer-1",
    "purchaseDate": "2024-03-18",
    "quantity": 2000,
    "pricePerKgInRupees": 59,
    "totalAmountInRupees": 118000
  },
  {
    "id": "tx-d1-f1-cotton-3",
    "batchId": "batch-f1-cotton-d1-3",
    "farmerId": "farmer-1",
    "dealerId": "dealer-1",
    "purchaseDate": "2024-10-22",
    "quantity": 1000,
    "pricePerKgInRupees": 7250,
    "totalAmountInRupees": 7250000
  },
  {
    "id": "tx-d1-f2-soybean-3",
    "batchId": "batch-f2-soybean-d1-3",
    "farmerId": "farmer-2",
    "dealerId": "dealer-1",
    "purchaseDate": "2024-10-12",
    "quantity": 1500,
    "pricePerKgInRupees": 48,
    "totalAmountInRupees": 72000
  },
  {
    "id": "tx-d1-f4-barley-3",
    "batchId": "batch-f4-barley-d1-3",
    "farmerId": "farmer-4",
    "dealerId": "dealer-1",
    "purchaseDate": "2024-03-28",
    "quantity": 1500,
    "pricePerKgInRupees": 20,
    "totalAmountInRupees": 30000
  },
  {
    "id": "tx-d1-f1-wheat-5",
    "batchId": "batch-f1-wheat-d1-5",
    "farmerId": "farmer-1",
    "dealerId": "dealer-1",
    "purchaseDate": "2024-04-20",
    "quantity": 500,
    "pricePerKgInRupees": 25,
    "totalAmountInRupees": 12500
  },
  {
    "id": "tx-d1-f2-corn-4",
    "batchId": "batch-f2-corn-d1-4",
    "farmerId": "farmer-2",
    "dealerId": "dealer-1",
    "purchaseDate": "2024-08-25",
    "quantity": 1000,
    "pricePerKgInRupees": 23,
    "totalAmountInRupees": 23000
  }
]

    