{
  "placeholderImages": [
    {
      "id": "login-background",
      "description": "A rustic but modern farm setting.",
      "imageUrl": "https://picsum.photos/seed/login-bg/1920/1080",
      "imageHint": "farm barn"
    },
    {
      "id": "farmer-avatar-1",
      "description": "Avatar for a farmer.",
      "imageUrl": "https://picsum.photos/seed/farmer1/200/200",
      "imageHint": "farmer portrait"
    },
    {
      "id": "dealer-avatar-1",
      "description": "Avatar for a dealer.",
      "imageUrl": "https://picsum.photos/seed/dealer1/200/200",
      "imageHint": "person business"
    }
  ]
}
